===========================================================
18 February 2022 (+25 File) (+0 Folder) (path:/images/skins)
\An_Shan\An_ShanSchoolBanner.png
\An_Shan\An_ShanSchoolChibiIcon.png
\An_Shan\An_ShanSchoolIcon.png
\An_Shan\An_ShanSchoolShipyardIcon.png
\Haruna\HarunaOriginalShipyardIcon.png
\Hiei\HieiOriginalShipyardIcon.png
\Hood\HoodOriginalShipyardIcon.png
\Indianapolis\IndianapolisOriginalShipyardIcon.png
\Jeanne_d'Arc\Jeanne_d'ArcOriginalShipyardIcon.png
\Jersey\JerseyOriginalShipyardIcon.png
\Kirishima\KirishimaOriginalShipyardIcon.png
\Kirov\KirovOriginalShipyardIcon.png
\Kongou\KongouOriginalShipyardIcon.png
\Mikuma\MikumaOriginalShipyardIcon.png
\Mogami\MogamiOriginalShipyardIcon.png
\Nagato\NagatoOriginalShipyardIcon.png
\Prince_of_Wales\Prince_of_WalesOriginalShipyardIcon.png
\Ryuujou\RyuujouOriginalShipyardIcon.png
\Shigure\ShigureSchoolBanner.png
\Shigure\ShigureSchoolChibiIcon.png
\Shigure\ShigureSchoolIcon.png
\Shigure\ShigureSchoolShipyardIcon.png
\Shoukaku\ShoukakuOriginalShipyardIcon.png
\Zuikaku\ZuikakuOriginalShipyardIcon.png

===========================================================
07 February 2022 (+40 File) (+0 Folder) (path:/images/skins)
\Arizona\ArizonaSpringBanner.png
\Arizona\ArizonaSpringChibiIcon.png
\Arizona\ArizonaSpringIcon.png
\Arizona\ArizonaSpringShipyardIcon.png
\Asashio\AsashioSpringBanner.png
\Asashio\AsashioSpringChibiIcon.png
\Asashio\AsashioSpringIcon.png
\Asashio\AsashioSpringShipyardIcon.png
\Columbia\ColumbiaTravelBanner.png
\Columbia\ColumbiaTravelChibiIcon.png
\Columbia\ColumbiaTravelIcon.png
\Columbia\ColumbiaTravelShipyardIcon.png
\Hanazuki\HanazukiSpringBanner.png
\Hanazuki\HanazukiSpringChibiIcon.png
\Hanazuki\HanazukiSpringIcon.png
\Hanazuki\HanazukiSpringShipyardIcon.png
\Naganami\NaganamiSpringBanner.png
\Naganami\NaganamiSpringChibiIcon.png
\Naganami\NaganamiSpringIcon.png
\Naganami\NaganamiSpringShipyardIcon.png
\Oite\OiteSpringBanner.png
\Oite\OiteSpringChibiIcon.png
\Oite\OiteSpringIcon.png
\Oite\OiteSpringShipyardIcon.png
\Pennsylvania\PennsylvaniaSpringBanner.png
\Pennsylvania\PennsylvaniaSpringChibiIcon.png
\Pennsylvania\PennsylvaniaSpringIcon.png
\Pennsylvania\PennsylvaniaSpringShipyardIcon.png
\Rodney\RodneySpringBanner.png
\Rodney\RodneySpringChibiIcon.png
\Rodney\RodneySpringIcon.png
\Rodney\RodneySpringShipyardIcon.png
\U-73\U-73SpringBanner.png
\U-73\U-73SpringChibiIcon.png
\U-73\U-73SpringIcon.png
\U-73\U-73SpringShipyardIcon.png
\Yoizuki\YoizukiSpringBanner.png
\Yoizuki\YoizukiSpringChibiIcon.png
\Yoizuki\YoizukiSpringIcon.png
\Yoizuki\YoizukiSpringShipyardIcon.png

===========================================================
07 February 2022 (+73 File) (+5 Folder) (path:/images/skins)
\Akagi\AkagiSpringBanner.png
\Akagi\AkagiSpringChibiIcon.png
\Akagi\AkagiSpringIcon.png
\Akagi\AkagiSpringShipyardIcon.png
\An_Shan\An_ShanKaiBanner.png
\An_Shan\An_ShanKaiChibiIcon.png
\An_Shan\An_ShanKaiIcon.png
\An_Shan\An_ShanKaiShipyardIcon.png
\Ayanami\AyanamiSpring2Banner.png
\Ayanami\AyanamiSpring2ChibiIcon.png
\Ayanami\AyanamiSpring2Icon.png
\Ayanami\AyanamiSpring2ShipyardIcon.png
\Ayanami\AyanamiSpringBanner.png
\Bristol\BristolBanner.png
\Bristol\BristolChibiIcon.png
\Bristol\BristolIcon.png
\Bristol\BristolShipyardIcon.png
\Bristol\BristolSpringBanner.png
\Bristol\BristolSpringChibiIcon.png
\Bristol\BristolSpringIcon.png
\Bristol\BristolSpringShipyardIcon.png
\Chang_Chun\Chang_ChunKaiBanner.png
\Chang_Chun\Chang_ChunKaiChibiIcon.png
\Chang_Chun\Chang_ChunKaiIcon.png
\Chang_Chun\Chang_ChunKaiShipyardIcon.png
\Charybdis\CharybdisBanner.png
\Charybdis\CharybdisChibiIcon.png
\Charybdis\CharybdisIcon.png
\Charybdis\CharybdisShipyardIcon.png
\Charybdis\CharybdisSpringBanner.png
\Charybdis\CharybdisSpringChibiIcon.png
\Charybdis\CharybdisSpringIcon.png
\Charybdis\CharybdisSpringShipyardIcon.png
\Chen_Hai\Chen_HaiBanner.png
\Chen_Hai\Chen_HaiChibiIcon.png
\Chen_Hai\Chen_HaiIcon.png
\Chen_Hai\Chen_HaiShipyardIcon.png
\Chen_Hai\Chen_HaiSpringBanner.png
\Chen_Hai\Chen_HaiSpringChibiIcon.png
\Chen_Hai\Chen_HaiSpringIcon.png
\Chen_Hai\Chen_HaiSpringShipyardIcon.png
\Hai_Chi\Hai_ChiBanner.png
\Hai_Chi\Hai_ChiChibiIcon.png
\Hai_Chi\Hai_ChiIcon.png
\Hai_Chi\Hai_ChiShipyardIcon.png
\Hai_Chi\Hai_ChiSpringBanner.png
\Hai_Chi\Hai_ChiSpringChibiIcon.png
\Hai_Chi\Hai_ChiSpringIcon.png
\Hai_Chi\Hai_ChiSpringShipyardIcon.png
\Hai_Tien\Hai_TienBanner.png
\Hai_Tien\Hai_TienChibiIcon.png
\Hai_Tien\Hai_TienIcon.png
\Hai_Tien\Hai_TienShipyardIcon.png
\Hai_Tien\Hai_TienSpringBanner.png
\Hai_Tien\Hai_TienSpringChibiIcon.png
\Hai_Tien\Hai_TienSpringIcon.png
\Hai_Tien\Hai_TienSpringShipyardIcon.png
\Hermione\HermioneSpringBanner.png
\Hermione\HermioneSpringChibiIcon.png
\Hermione\HermioneSpringIcon.png
\Hermione\HermioneSpringShipyardIcon.png
\Kaga\KagaSpringBanner.png
\Kaga\KagaSpringChibiIcon.png
\Kaga\KagaSpringIcon.png
\Kaga\KagaSpringShipyardIcon.png
\META\Junyou_METABanner.png
\META\Junyou_METAChibiIcon.png
\META\Junyou_METAIcon.png
\META\Junyou_METAShipyardIcon.png
\Reno\RenoSpringBanner.png
\Reno\RenoSpringChibiIcon.png
\Reno\RenoSpringIcon.png
\Reno\RenoSpringShipyardIcon.png

===========================================================
03 January 2022 (+108 File) (+5 Folder) (path:/images/skins)
\Akatsuki\AkatsukiChristmasBanner.png
\Akatsuki\AkatsukiChristmasChibiIcon.png
\Akatsuki\AkatsukiChristmasIcon.png
\Akatsuki\AkatsukiChristmasShipyardIcon.png
\Albacore\AlbacoreMaidBanner.png
\Albacore\AlbacoreMaidChibiIcon.png
\Albacore\AlbacoreMaidIcon.png
\Albacore\AlbacoreMaidShipyardIcon.png
\August_von_Pasrseval\August_von_ParsevalMaidBanner.png
\August_von_Pasrseval\August_von_ParsevalMaidChibiIcon.png
\August_von_Pasrseval\August_von_ParsevalMaidIcon.png
\August_von_Pasrseval\August_von_ParsevalMaidShipyardIcon.png
\Bismarck\BismarckMaidBanner.png
\Bismarck\BismarckMaidChibiIcon.png
\Bismarck\BismarckMaidIcon.png
\Bismarck\BismarckMaidShipyardIcon.png
\Choukai\ChoukaiMaidBanner.png
\Choukai\ChoukaiMaidChibiIcon.png
\Choukai\ChoukaiMaidIcon.png
\Choukai\ChoukaiMaidShipyardIcon.png
\Elbe\ElbeBanner.png
\Elbe\ElbeChibiIcon.png
\Elbe\ElbeIcon.png
\Elbe\ElbeMaidBanner.png
\Elbe\ElbeMaidChibiIcon.png
\Elbe\ElbeMaidIcon.png
\Elbe\ElbeMaidShipyardIcon.png
\Elbe\ElbeShipyardIcon.png
\Hakuryuu\HakuryuuMaidBanner.png
\Hakuryuu\HakuryuuMaidChibiIcon.png
\Hakuryuu\HakuryuuMaidIcon.png
\Hakuryuu\HakuryuuMaidShipyardIcon.png
\Howe\HoweMaidBanner.png
\Howe\HoweMaidChibiIcon.png
\Howe\HoweMaidIcon.png
\Howe\HoweMaidShipyardIcon.png
\Icarus\IcarusMaidBanner.png
\Icarus\IcarusMaidChibiIcon.png
\Icarus\IcarusMaidIcon.png
\Icarus\IcarusMaidShipyardIcon.png
\Kasumi\KasumiKaiChibiIcon.png
\Leipzig\LeipzigMaidBanner.png
\Leipzig\LeipzigMaidChibiIcon.png
\Leipzig\LeipzigMaidIcon.png
\Leipzig\LeipzigMaidShipyardIcon.png
\Magdeburg\MagdeburgBanner.png
\Magdeburg\MagdeburgChibiIcon.png
\Magdeburg\MagdeburgIcon.png
\Magdeburg\MagdeburgMaidBanner.png
\Magdeburg\MagdeburgMaidChibiIcon.png
\Magdeburg\MagdeburgMaidIcon.png
\Magdeburg\MagdeburgMaidShipyardIcon.png
\Magdeburg\MagdeburgShipyardIcon.png
\Marco_Polo\Marco_PoloMaidBanner.png
\Marco_Polo\Marco_PoloMaidChibiIcon.png
\Marco_Polo\Marco_PoloMaidIcon.png
\Marco_Polo\Marco_PoloMaidShipyardIcon.png
\Noshiro\NoshiroMaidBanner.png
\Noshiro\NoshiroMaidChibiIcon.png
\Noshiro\NoshiroMaidIcon.png
\Noshiro\NoshiroMaidShipyardIcon.png
\Penelope\PenelopeMaidBanner.png
\Penelope\PenelopeMaidChibiIcon.png
\Penelope\PenelopeMaidShipyardIcon.png
\Prinz_Adalbert\Prinz_AdalbertBanner.png
\Prinz_Adalbert\Prinz_AdalbertChibiIcon.png
\Prinz_Adalbert\Prinz_AdalbertIcon.png
\Prinz_Adalbert\Prinz_AdalbertMaidBanner.png
\Prinz_Adalbert\Prinz_AdalbertMaidChibiIcon.png
\Prinz_Adalbert\Prinz_AdalbertMaidIcon.png
\Prinz_Adalbert\Prinz_AdalbertMaidShipyardIcon.png
\Prinz_Adalbert\Prinz_AdalbertShipyardIcon.png
\Queen_Elizabeth\Queen_ElizabethMaidBanner.png
\Queen_Elizabeth\Queen_ElizabethMaidChibiIcon.png
\Queen_Elizabeth\Queen_ElizabethMaidIcon.png
\Queen_Elizabeth\Queen_ElizabethMaidShipyardIcon.png
\Southampton\SouthamptonMaidBanner.png
\Southampton\SouthamptonMaidChibiIcon.png
\Southampton\SouthamptonMaidIcon.png
\Southampton\SouthamptonMaidShipyardIcon.png
\Suruga\SurugaChristmasBanner.png
\Suruga\SurugaChristmasChibiIcon.png
\Suruga\SurugaChristmasIcon.png
\Suruga\SurugaChristmasShipyardIcon.png
\U-1206\U-1206Banner.png
\U-1206\U-1206ChibiIcon.png
\U-1206\U-1206Icon.png
\U-1206\U-1206MaidBanner.png
\U-1206\U-1206MaidChibiIcon.png
\U-1206\U-1206MaidIcon.png
\U-1206\U-1206MaidShipyardIcon.png
\U-1206\U-1206ShipyardIcon.png
\U-47\U-47MaidBanner.png
\U-47\U-47MaidChibiIcon.png
\U-47\U-47MaidIcon.png
\U-47\U-47MaidShipyardIcon.png
\Ulrich_von_Hutten\Ulrich_von_HuttenBanner.png
\Ulrich_von_Hutten\Ulrich_von_HuttenChibiIcon.png
\Ulrich_von_Hutten\Ulrich_von_HuttenIcon.png
\Ulrich_von_Hutten\Ulrich_von_HuttenMaidBanner.png
\Ulrich_von_Hutten\Ulrich_von_HuttenMaidChibiIcon.png
\Ulrich_von_Hutten\Ulrich_von_HuttenMaidIcon.png
\Ulrich_von_Hutten\Ulrich_von_HuttenMaidShipyardIcon.png
\Ulrich_von_Hutten\Ulrich_von_HuttenShipyardIcon.png
\Z46\Z46MaidBanner.png
\Z46\Z46MaidChibiIcon.png
\Z46\Z46MaidIcon.png
\Z46\Z46MaidShipyardIcon.png

===========================================================
18 December 2021 (+8 File) (+0 Folder) (path:/images/skins)
/New_Orleans/New_OrleansBunnyChibiIcon.png
/New_Orleans/New_OrleansBunnyIcon.png
/New_Orleans/New_OrleansBunnyShipyardIcon.png
/New_Orleans/New_OrleansBunnyBanner.png
/META/Gneisenau_METAChibiIcon.png
/META/Gneisenau_METAIcon.png
/META/Gneisenau_METAShipyardIcon.png
/META/Gneisenau_METABanner.png

===========================================================
27 November 2021 (+19 File) (+7 Folder) (path:/images/skins)
/Akane_Shinjo/Akane_ShinjoBanner.png
/Akane_Shinjo/Akane_ShinjoCasualBanner.png
/Bremerton/BremertonCasualBanner.png
/Chise_Asukagawa/Chise_AsukagawaBanner.png
/Chise_Asukagawa/Chise_AsukagawaCasualBanner.png
/Colorado/ColoradoTravelBanner.png
/Hass/HassBanner.png
/Hass/HassCasualBanner.png
/Indepedence/IndependenceCasual2Banner.png
/Indepedence/IndependenceCasualBanner.png
/META/Hiyou_METABanner.png
/Mujina/MujinaBanner.png
/Mujina/MujinaCasualBanner.png
/Namiko/NamikoBanner.png
/Namiko/NamikoCasualBanner.png
/Rikka_Takarada/Rikka_TakaradaBanner.png
/Rikka_Takarada/Rikka_TakaradaCasualBanner.png
/Yume_Minami/Yume_MinamiBanner.png
/Yume_Minami/Yume_MinamiCasualBanner.png

===========================================================
20 November 2021 (+10 File) (+1 Folder) (path:/images/skins)
New Folder
-Foch

New File
-FochBanner
-FochCasualBanner
-EnterpriseRaceQueenBanner
-Prinz_EugenRaceQueenBanner

===========================================================
31 October 2021 (+10 File) (+2 Folder) (path:/images/skins)
New Folder
-Maillé_Brézé
-Le_Terrible

New File
-Noshiro CasualBanner
-Maillé_BrézéCasualBanner
-Maillé_BrézéBanner
-LittorioCasualBanner
-Le_TerribleCasualBanner
-Le_TerribleBanner
-La_GalissonnièreHalloweenBanner
-KumanoCasualBanner
-IbukiCasualBanner
-BoiseHalloweenBanner
===========================================================
